{"cameraMode":{"drawMode":0,"name":"Shaded","section":"Shading Mode"},"sceneLighting":true,"audioPlay":false,"sceneViewState":{"m_AlwaysRefresh":false,"showFog":true,"showSkybox":true,"showFlares":true,"showImageEffects":true,"showParticleSystems":true,"showVisualEffectGraphs":true,"m_FxEnabled":true},"in2DMode":false,"pivot":{"x":1.3312568664550782,"y":0.5845508575439453,"z":-19.22815704345703},"rotation":{"x":-0.23757904767990113,"y":0.5533807873725891,"z":-0.16897892951965333,"w":-0.7803677916526794},"size":6.5881571769714359,"orthographic":false}