{"cameraMode":{"drawMode":0,"name":"Shaded","section":"Shading Mode"},"sceneLighting":true,"audioPlay":false,"sceneViewState":{"m_AlwaysRefresh":false,"showFog":true,"showSkybox":true,"showFlares":true,"showImageEffects":true,"showParticleSystems":true,"showVisualEffectGraphs":true,"m_FxEnabled":true},"in2DMode":false,"pivot":{"x":-2.0762929916381838,"y":1.0125900506973267,"z":-0.8328546285629273},"rotation":{"x":-0.0675881952047348,"y":0.7984787225723267,"z":-0.09189233928918839,"w":-0.5912734866142273},"size":1.0879477262496949,"orthographic":false}